{
 "eqdni": -25,
 "dfiqr": -26,
 "kviib": 0.5075826549544955,
 "gbttm": 57,
 "scfrb": 0.9177081747694237,
 "asoop": 26,
 "ehbrt": 92,
 "rmrhb": -21,
 "jjvlm": false,
 "dmccf": 0.32410427760699967,
 "pxvrw": 0.64696828153415,
 "hybwq": true,
 "beyyx": 0.20672267208270156,
 "rmfcv": 0.0502956612992399,
 "ijvzn": 10,
 "zepfr": 0.49809526988905517
}