{
 "updmd": 5,
 "ajftw": 82,
 "ospce": false,
 "fsopa": 86,
 "jiktw": true,
 "wgrhq": -29,
 "ilsjx": 0.26607022698102856,
 "mvgnm": 0.05784255576868225,
 "bhcnh": 59,
 "dxpsq": false,
 "pdxzz": 77,
 "bmkww": false,
 "uxhgh": 0.8886583440441188
}